{
  "project_info": {
    "project_number": "832039841199",
    "firebase_url": "https://travelmantics-d7b4d.firebaseio.com",
    "project_id": "travelmantics-d7b4d",
    "storage_bucket": "travelmantics-d7b4d.appspot.com"
  },
  "client": [
    {
      "client_info": {
        "mobilesdk_app_id": "1:832039841199:android:b4470d06b32c6715",
        "android_client_info": {
          "package_name": "com.example.travelmantics"
        }
      },
      "oauth_client": [
        {
          "client_id": "832039841199-qtsusep0h2pb5rlqvv74r00b73ba5ufa.apps.googleusercontent.com",
          "client_type": 1,
          "android_info": {
            "package_name": "com.example.travelmantics",
            "certificate_hash": "1ddd2aea51f4a482eb816c5c3b0d73483fba759c"
          }
        },
        {
          "client_id": "832039841199-7s7pu2ua3omtgcllnmmolqtapm3an456.apps.googleusercontent.com",
          "client_type": 3
        }
      ],
      "api_key": [
        {
          "current_key": "AIzaSyCgKNATlkPBLBo-to4MgIRwGh7d7yCmDcg"
        }
      ],
      "services": {
        "appinvite_service": {
          "other_platform_oauth_client": [
            {
              "client_id": "832039841199-7s7pu2ua3omtgcllnmmolqtapm3an456.apps.googleusercontent.com",
              "client_type": 3
            }
          ]
        }
      }
    }
  ],
  "configuration_version": "1"
}